Name,Term,ES,NES,NOM p-val,FDR q-val,FWER p-val,Tag %,Gene %,Lead_genes
prerank,PVH_Signature,-0.964186477307811,-1.6965877350064826,0.0021929824561403508,0.0021929824561403508,0.0021929824561403508,2/2,3.67%,EDN1;KCNK3
