Model,PV_Spearman,PV_Pearson,PV_MAE,PV_R2,RV_AUC,RV_F1,RV_Acc
Random Forest (CV),0.6371829441768749,0.794660122546931,0.3428499500413273,0.5662235442535262,1.0,1.0,1.0
MLP (CV),0.6517090607090176,0.3125509340702349,1.8043789364408003,-5.09303314130598,0.9720981034653958,0.18685121107266436,0.5518118245390973
"GIN (Morgan, CV)",0.4423030585516182,0.4855278380663056,1.4773482551184252,0.22595337615703326,0.9278911395756793,0.1845444059976932,0.5505403687221869
TNNI3-FAPPC-DTD (Ours),0.8487737348870195,0.9986516203090261,0.06785829128874761,0.9964486173706465,1.0,1.0,1.0
