noise_ratio,pearson_mean,pearson_std,spearman_mean,spearman_std,mae_mean,mae_std,rmse_mean,rmse_std,r2_mean,r2_std
0.05,0.9850070374634241,0.0003266606930511324,0.8132617070472314,0.011163649431602174,0.10588621985998006,0.003434861393412013,0.4122264611791497,0.00410503894389653,0.9674891039444502,0.0006520156863690944
0.1,0.9848509778545402,0.00030061714909949776,0.7949728614836546,0.020760119120988553,0.1186874493674197,0.004766375529499551,0.41639451367556984,0.0033047265823991606,0.9668295399910688,0.0005274369847793445
0.15,0.9847575269875509,0.00032342060261886767,0.7937978581180682,0.012261812687296623,0.12916990602712622,0.006002485175355679,0.4200876516374955,0.004489095180527028,0.9662368028921534,0.0007232698508067351
0.2,0.9847856908857457,0.000305439826987245,0.7968649120686763,0.012234446553936386,0.13659033827757588,0.005042288324698125,0.42208727257686524,0.004359867106680954,0.965914867207595,0.0007082268611883202
