Name,Term,ES,NES,NOM p-val,FDR q-val,FWER p-val,Tag %,Gene %,Lead_genes
prerank,PVH_Signature,-0.5628831600471036,-1.4174387664889923,0.10617283950617284,0.10617283950617284,0.10617283950617284,4/10,13.15%,EDN1;KCNK3;VEGFA;TGFB1
