,lung_tpm,heart_tpm
count,54592.0,54592.0
mean,18.306815621688234,18.314968812449795
std,276.36472132958215,819.0738866315174
min,0.0,0.0
25%,0.010086115916954951,0.0023472800925925753
50%,0.16125008650519035,0.0318516203703703
75%,4.058678676470586,0.9452554976851854
max,23819.223183391005,75996.58564814815
